#node1	node2	node1_string_id	node2_string_id	neighborhood_on_chromosome	gene_fusion	phylogenetic_cooccurrence	homology	coexpression	experimentally_determined_interaction	database_annotated	automated_textmining	combined_score
ACER3	SPTLC2	9606.ENSP00000434480	9606.ENSP00000216484	0	0	0	0	0.131	0	0	0.600	0.638
ACER3	UGCG	9606.ENSP00000434480	9606.ENSP00000363397	0	0	0	0	0.054	0	0	0.474	0.481
ACSL1	GPAT3	9606.ENSP00000422607	9606.ENSP00000264409	0.046	0	0	0	0.082	0	0.187	0.429	0.539
ACSL1	PECR	9606.ENSP00000422607	9606.ENSP00000265322	0	0	0	0	0.112	0.065	0.098	0.399	0.490
ACSL1	ACSL4	9606.ENSP00000422607	9606.ENSP00000339787	0	0	0.143	0.775	0.082	0.066	0.600	0.340	0.770
ACSL4	SLC40A1	9606.ENSP00000339787	9606.ENSP00000261024	0	0	0	0	0	0	0	0.472	0.472
ACSL4	GPAT3	9606.ENSP00000339787	9606.ENSP00000264409	0.046	0	0	0	0	0	0.187	0.316	0.423
ACSL4	POR	9606.ENSP00000339787	9606.ENSP00000419970	0	0	0	0	0.042	0	0	0.419	0.420
ACSL4	SH3GLB1	9606.ENSP00000339787	9606.ENSP00000479919	0	0	0	0	0.067	0.292	0	0.503	0.643
ADAM9	MMP9	9606.ENSP00000419446	9606.ENSP00000361405	0	0	0	0	0.106	0	0	0.410	0.450
ADAM9	COL17A1	9606.ENSP00000419446	9606.ENSP00000497653	0	0	0	0	0.042	0	0.400	0.483	0.677
ADGRG3	PGLYRP1	9606.ENSP00000332900	9606.ENSP00000008938	0	0	0	0	0.431	0	0	0.092	0.461
ADGRG3	MCEMP1	9606.ENSP00000332900	9606.ENSP00000329920	0	0	0	0	0.241	0	0	0.304	0.449
ADGRG3	FCAR	9606.ENSP00000332900	9606.ENSP00000347714	0	0	0	0	0.266	0	0	0.216	0.400
ADM	MMP9	9606.ENSP00000436607	9606.ENSP00000361405	0	0	0	0	0.083	0	0	0.375	0.402
AIM2	IL18	9606.ENSP00000357112	9606.ENSP00000280357	0	0	0	0	0.050	0	0	0.898	0.898
AIM2	TLR5	9606.ENSP00000357112	9606.ENSP00000496355	0	0	0	0	0.078	0	0	0.475	0.495
AIM2	IL1R1	9606.ENSP00000357112	9606.ENSP00000386380	0	0	0	0	0.055	0	0	0.543	0.549
AIM2	NAIP	9606.ENSP00000357112	9606.ENSP00000428657	0	0	0	0	0.049	0	0.540	0.989	0.994
AIM2	NLRC4	9606.ENSP00000357112	9606.ENSP00000385428	0	0	0	0	0.087	0	0.720	0.999	0.999
ALPL	BST1	9606.ENSP00000363973	9606.ENSP00000265016	0	0	0	0	0.060	0	0.400	0.052	0.418
ALPL	VNN2	9606.ENSP00000363973	9606.ENSP00000322276	0	0	0	0	0.090	0	0.400	0	0.431
ALPL	VNN1	9606.ENSP00000363973	9606.ENSP00000356905	0	0	0	0	0.073	0	0.400	0.077	0.442
ALPL	ENTPD1	9606.ENSP00000363973	9606.ENSP00000360250	0	0	0	0	0.067	0	0	0.400	0.416
ALPL	FKBP5	9606.ENSP00000363973	9606.ENSP00000444810	0	0	0	0	0.055	0	0	0.418	0.426
ALPL	CD177	9606.ENSP00000363973	9606.ENSP00000479536	0	0	0	0	0.078	0.292	0	0.305	0.506
ANKRD22	FCGR1A	9606.ENSP00000360998	9606.ENSP00000358165	0	0	0	0	0.334	0	0	0.247	0.477
ANKRD22	FCGR1B	9606.ENSP00000360998	9606.ENSP00000358391	0	0	0	0	0.249	0	0	0.506	0.613
ANKRD22	COL17A1	9606.ENSP00000360998	9606.ENSP00000497653	0	0	0	0	0.103	0.095	0	0.323	0.403
ANKRD22	PSTPIP2	9606.ENSP00000360998	9606.ENSP00000387261	0	0	0	0	0.254	0.053	0	0.272	0.440
ANXA1	TIMP1	9606.ENSP00000366109	9606.ENSP00000218388	0	0	0	0	0.222	0	0	0.323	0.451
ANXA1	LTF	9606.ENSP00000366109	9606.ENSP00000231751	0	0	0	0	0.081	0	0	0.459	0.482
ANXA1	CTSD	9606.ENSP00000366109	9606.ENSP00000236671	0	0	0	0	0.096	0	0	0.486	0.515
ANXA1	CAPG	9606.ENSP00000366109	9606.ENSP00000263867	0	0.006	0	0	0.183	0	0	0.296	0.400
ANXA1	S100A12	9606.ENSP00000366109	9606.ENSP00000357726	0	0	0	0	0.132	0	0	0.568	0.609
ANXA1	S100A9	9606.ENSP00000366109	9606.ENSP00000357727	0	0	0	0	0.184	0	0	0.357	0.453
ANXA1	MMP9	9606.ENSP00000366109	9606.ENSP00000361405	0	0	0	0	0.068	0	0	0.400	0.417
ANXA1	TXN	9606.ENSP00000366109	9606.ENSP00000363641	0	0	0	0	0.193	0	0	0.318	0.427
ANXA1	PLP2	9606.ENSP00000366109	9606.ENSP00000365505	0	0	0	0	0.385	0	0	0.071	0.404
ANXA1	FLOT2	9606.ENSP00000366109	9606.ENSP00000378368	0	0	0	0	0	0.292	0	0.219	0.424
ANXA1	SERPINB1	9606.ENSP00000366109	9606.ENSP00000370115	0	0	0	0	0.203	0	0	0.337	0.449
ANXA1	CD63	9606.ENSP00000366109	9606.ENSP00000447730	0	0	0	0	0.249	0	0	0.618	0.701
ANXA1	HSH2D	9606.ENSP00000366109	9606.ENSP00000482604	0	0	0	0	0	0	0	0.837	0.837
ANXA1	DYSF	9606.ENSP00000366109	9606.ENSP00000386881	0	0	0	0	0.068	0.095	0.800	0.915	0.983
ANXA3	PGLYRP1	9606.ENSP00000264908	9606.ENSP00000008938	0	0	0	0	0.183	0	0	0.308	0.410
ANXA3	GCA	9606.ENSP00000264908	9606.ENSP00000394842	0	0	0	0	0.260	0.084	0	0.187	0.401
ANXA3	SLPI	9606.ENSP00000264908	9606.ENSP00000342082	0	0	0	0	0.279	0	0	0.207	0.403
ANXA3	CPEB4	9606.ENSP00000264908	9606.ENSP00000265085	0	0	0	0	0.042	0	0	0.419	0.419
ANXA3	VNN1	9606.ENSP00000264908	9606.ENSP00000356905	0	0	0	0	0.074	0	0	0.399	0.419
ANXA3	CLEC4D	9606.ENSP00000264908	9606.ENSP00000299665	0	0	0	0	0.095	0.059	0	0.378	0.424
ANXA3	DYSF	9606.ENSP00000264908	9606.ENSP00000386881	0	0	0	0	0.139	0.061	0	0.349	0.428
ANXA3	LCN2	9606.ENSP00000264908	9606.ENSP00000362108	0	0	0	0	0.244	0	0	0.301	0.448
ANXA3	SERPINB1	9606.ENSP00000264908	9606.ENSP00000370115	0	0	0	0	0.152	0	0	0.383	0.455
ANXA3	S100A12	9606.ENSP00000264908	9606.ENSP00000357726	0	0	0	0	0.161	0.081	0	0.352	0.457
ARG1	PGLYRP1	9606.ENSP00000349446	9606.ENSP00000008938	0	0	0	0	0.400	0	0	0.164	0.476
ARG1	MMP8	9606.ENSP00000349446	9606.ENSP00000236826	0	0	0	0	0.238	0	0	0.407	0.529
ARG1	CEACAM8	9606.ENSP00000349446	9606.ENSP00000244336	0	0	0	0	0.235	0.065	0	0.571	0.666
ARG1	IL18	9606.ENSP00000349446	9606.ENSP00000280357	0	0	0	0	0	0	0	0.513	0.513
ARG1	HP	9606.ENSP00000349446	9606.ENSP00000348170	0	0	0	0	0.280	0	0	0.361	0.520
ARG1	JAK2	9606.ENSP00000349446	9606.ENSP00000371067	0	0	0	0	0.057	0	0	0.395	0.406
ARG1	LCN2	9606.ENSP00000349446	9606.ENSP00000362108	0	0	0	0	0.139	0	0	0.350	0.416
ARG1	DDAH2	9606.ENSP00000349446	9606.ENSP00000364949	0.041	0	0	0	0	0	0	0.437	0.437
ARG1	VNN1	9606.ENSP00000349446	9606.ENSP00000356905	0.057	0	0	0	0.242	0.066	0.120	0.202	0.446
ARG1	S100A12	9606.ENSP00000349446	9606.ENSP00000357726	0	0	0	0	0.325	0	0	0.232	0.460
ARG1	IL1R1	9606.ENSP00000349446	9606.ENSP00000386380	0	0	0	0	0.122	0	0	0.420	0.469
ARG1	ENTPD1	9606.ENSP00000349446	9606.ENSP00000360250	0	0	0	0	0.069	0	0	0.479	0.494
ARG1	FCGR1A	9606.ENSP00000349446	9606.ENSP00000358165	0	0	0	0	0.062	0.153	0	0.446	0.521
ARG1	MMP9	9606.ENSP00000349446	9606.ENSP00000361405	0	0	0	0	0.077	0	0	0.613	0.627
ASPH	H4C6	9606.ENSP00000368767	9606.ENSP00000244537	0	0	0	0	0.042	0.292	0	0.290	0.476
ASPH	H2AC18	9606.ENSP00000368767	9606.ENSP00000358155	0	0	0	0	0.042	0	0	0.517	0.517
B4GALT5	SPTLC2	9606.ENSP00000360776	9606.ENSP00000216484	0	0	0	0	0.060	0	0	0.465	0.476
B4GALT5	UGCG	9606.ENSP00000360776	9606.ENSP00000363397	0	0	0	0	0.060	0	0	0.741	0.746
BCL6	CR1	9606.ENSP00000384371	9606.ENSP00000356016	0	0	0	0	0.074	0.057	0	0.399	0.429
BCL6	GADD45A	9606.ENSP00000384371	9606.ENSP00000360025	0	0	0	0	0.072	0	0	0.517	0.532
BCL6	JAK2	9606.ENSP00000384371	9606.ENSP00000371067	0	0	0	0	0.144	0.071	0	0.403	0.484
BCL6	CEBPD	9606.ENSP00000384371	9606.ENSP00000386165	0	0	0	0	0.246	0.091	0.400	0.495	0.764
BIK	JAK2	9606.ENSP00000216115	9606.ENSP00000371067	0	0	0	0	0	0	0	0.457	0.457
BPI	PGLYRP1	9606.ENSP00000262865	9606.ENSP00000008938	0	0	0	0	0.482	0	0	0.468	0.713
BPI	OLFM4	9606.ENSP00000262865	9606.ENSP00000219022	0	0	0	0	0.447	0	0	0.310	0.602
BPI	LTF	9606.ENSP00000262865	9606.ENSP00000231751	0	0	0	0	0.437	0	0	0.933	0.960
BPI	MMP8	9606.ENSP00000262865	9606.ENSP00000236826	0	0	0	0	0.772	0	0	0.248	0.821
BPI	CEACAM8	9606.ENSP00000262865	9606.ENSP00000244336	0	0	0	0	0.785	0	0	0.307	0.844
BPI	S100A12	9606.ENSP00000262865	9606.ENSP00000357726	0	0	0	0	0.180	0	0	0.306	0.407
BPI	CRISP3	9606.ENSP00000262865	9606.ENSP00000389026	0	0	0	0	0.330	0	0	0.154	0.409
BPI	PADI4	9606.ENSP00000262865	9606.ENSP00000364597	0	0	0	0	0.208	0	0	0.298	0.420
BPI	SLPI	9606.ENSP00000262865	9606.ENSP00000342082	0	0	0	0	0.083	0	0	0.420	0.445
BPI	CD177	9606.ENSP00000262865	9606.ENSP00000479536	0	0	0	0	0.096	0.292	0	0.223	0.459
BPI	LCN2	9606.ENSP00000262865	9606.ENSP00000362108	0	0	0	0	0.366	0	0	0.399	0.603
BST1	VNN1	9606.ENSP00000265016	9606.ENSP00000356905	0	0	0	0	0.134	0	0.400	0	0.458
BST1	FCGR1A	9606.ENSP00000265016	9606.ENSP00000358165	0	0	0	0	0.083	0	0	0.476	0.498
BST1	VNN2	9606.ENSP00000265016	9606.ENSP00000322276	0	0	0	0	0.215	0	0.400	0	0.508
C3AR1	FCER1G	9606.ENSP00000302079	9606.ENSP00000289902	0	0	0	0	0.529	0	0	0.683	0.844
C3AR1	SIGLEC9	9606.ENSP00000302079	9606.ENSP00000413861	0	0	0	0	0.338	0.098	0	0.104	0.418
C3AR1	OSCAR	9606.ENSP00000302079	9606.ENSP00000479089	0	0	0.265	0	0.213	0.098	0	0	0.432
C3AR1	LTB4R	9606.ENSP00000302079	9606.ENSP00000380008	0	0	0	0.678	0.045	0	0	0.472	0.474
C3AR1	GPR84	9606.ENSP00000302079	9606.ENSP00000450310	0	0	0	0	0.291	0	0	0.384	0.545
C3AR1	MS4A4A	9606.ENSP00000302079	9606.ENSP00000338648	0	0	0	0	0.437	0	0	0.250	0.559
C3AR1	FCGR1A	9606.ENSP00000302079	9606.ENSP00000358165	0	0	0	0	0.354	0.098	0	0.320	0.569
C3AR1	GAS7	9606.ENSP00000302079	9606.ENSP00000407552	0	0	0	0	0.087	0	0	0.576	0.596
C3AR1	CD59	9606.ENSP00000302079	9606.ENSP00000498879	0	0	0	0	0.042	0	0	0.612	0.612
C3AR1	CD55	9606.ENSP00000302079	9606.ENSP00000356030	0	0	0	0	0.042	0	0	0.663	0.663
C3AR1	CR1	9606.ENSP00000302079	9606.ENSP00000356016	0	0	0	0	0.086	0	0	0.654	0.670
CA4	CD177	9606.ENSP00000300900	9606.ENSP00000479536	0	0	0	0	0.186	0.292	0	0.138	0.460
CA4	TSPO	9606.ENSP00000300900	9606.ENSP00000379563	0	0	0	0	0.096	0	0	0.438	0.470
CAPG	TSPO	9606.ENSP00000263867	9606.ENSP00000379563	0	0	0	0	0.408	0	0	0.049	0.413
CD177	PGLYRP1	9606.ENSP00000479536	9606.ENSP00000008938	0	0	0	0	0.223	0	0	0.306	0.438
CD177	OLFM4	9606.ENSP00000479536	9606.ENSP00000219022	0	0	0	0	0.191	0	0	0.542	0.614
CD177	LTF	9606.ENSP00000479536	9606.ENSP00000231751	0	0	0	0	0.288	0.292	0	0.430	0.688
CD177	MMP8	9606.ENSP00000479536	9606.ENSP00000236826	0	0	0	0	0.295	0	0	0.458	0.602
CD177	CEACAM8	9606.ENSP00000479536	9606.ENSP00000244336	0	0	0	0	0.102	0	0	0.614	0.639
CD177	MCEMP1	9606.ENSP00000479536	9606.ENSP00000329920	0	0	0	0	0.099	0	0	0.396	0.432
CD177	S100A12	9606.ENSP00000479536	9606.ENSP00000357726	0	0	0	0	0.156	0	0	0.423	0.493
CD177	S100A9	9606.ENSP00000479536	9606.ENSP00000357727	0	0	0	0	0.105	0.292	0	0.171	0.429
CD177	LCN2	9606.ENSP00000479536	9606.ENSP00000362108	0	0	0	0	0.137	0	0	0.382	0.444
CD177	CD24	9606.ENSP00000479536	9606.ENSP00000481841	0	0	0	0	0.056	0	0	0.472	0.480
CD24	OLFM4	9606.ENSP00000481841	9606.ENSP00000219022	0	0	0	0	0.126	0	0	0.355	0.412
CD24	CEACAM8	9606.ENSP00000481841	9606.ENSP00000244336	0	0	0	0	0.121	0	0	0.420	0.468
CD24	FCGR1A	9606.ENSP00000481841	9606.ENSP00000358165	0	0	0	0	0	0	0	0.576	0.576
CD24	MMP9	9606.ENSP00000481841	9606.ENSP00000361405	0	0	0	0	0.077	0	0	0.434	0.456
CD24	LCN2	9606.ENSP00000481841	9606.ENSP00000362108	0	0	0	0	0.261	0	0	0.249	0.421
CD24	CD63	9606.ENSP00000481841	9606.ENSP00000447730	0	0	0	0	0	0	0	0.447	0.447
CD24	SIGLEC5	9606.ENSP00000481841	9606.ENSP00000473238	0	0	0	0	0	0	0	0.700	0.700
CD24	CD59	9606.ENSP00000481841	9606.ENSP00000498879	0	0	0	0	0.083	0	0	0.608	0.625
CD55	CEACAM8	9606.ENSP00000356030	9606.ENSP00000244336	0	0	0	0	0.049	0.048	0	0.534	0.541
CD55	CR1	9606.ENSP00000356030	9606.ENSP00000356016	0	0	0	0.701	0.061	0	0	0.620	0.627
CD55	CD63	9606.ENSP00000356030	9606.ENSP00000447730	0	0	0	0	0.050	0	0	0.419	0.424
CD55	CD58	9606.ENSP00000356030	9606.ENSP00000358501	0	0	0	0	0.083	0.047	0	0.440	0.468
CD55	F5	9606.ENSP00000356030	9606.ENSP00000356771	0	0	0	0	0.067	0	0	0.462	0.476
CD55	ENTPD1	9606.ENSP00000356030	9606.ENSP00000360250	0	0	0	0	0.086	0	0	0.490	0.515
CD55	FCGR1A	9606.ENSP00000356030	9606.ENSP00000358165	0	0	0	0	0.101	0	0	0.565	0.592
CD55	CD59	9606.ENSP00000356030	9606.ENSP00000498879	0	0	0	0	0.104	0	0.400	0.981	0.988
CD58	SAMSN1	9606.ENSP00000358501	9606.ENSP00000285670	0	0	0	0	0.155	0	0	0.394	0.466
CD58	CD59	9606.ENSP00000358501	9606.ENSP00000498879	0	0	0	0	0.062	0	0	0.649	0.656
CD59	TIMP1	9606.ENSP00000498879	9606.ENSP00000218388	0	0	0	0	0.073	0	0	0.459	0.477
CD59	CEACAM8	9606.ENSP00000498879	9606.ENSP00000244336	0	0	0	0	0.067	0	0	0.489	0.502
CD59	MCEMP1	9606.ENSP00000498879	9606.ENSP00000329920	0	0	0	0	0.044	0	0	0.403	0.404
CD59	HP	9606.ENSP00000498879	9606.ENSP00000348170	0	0	0	0	0.054	0	0	0.417	0.424
CD59	CR1	9606.ENSP00000498879	9606.ENSP00000356016	0	0	0	0	0	0	0	0.824	0.824
CD59	F5	9606.ENSP00000498879	9606.ENSP00000356771	0	0	0	0	0	0	0.500	0.079	0.519
CD59	FLOT1	9606.ENSP00000498879	9606.ENSP00000365569	0	0	0	0	0.056	0	0	0.575	0.581
CD59	CD63	9606.ENSP00000498879	9606.ENSP00000447730	0	0	0	0	0.152	0	0	0.641	0.683
CD63	SLC2A3	9606.ENSP00000447730	9606.ENSP00000075120	0	0	0	0	0.071	0	0	0.401	0.420
CD63	TIMP1	9606.ENSP00000447730	9606.ENSP00000218388	0	0	0	0	0.225	0.785	0	0.990	0.998
CD63	CTSD	9606.ENSP00000447730	9606.ENSP00000236671	0	0	0	0	0.158	0	0	0.699	0.736
CD63	CEACAM8	9606.ENSP00000447730	9606.ENSP00000244336	0	0	0	0	0	0	0	0.593	0.593
CD63	CR1	9606.ENSP00000447730	9606.ENSP00000356016	0	0	0	0	0	0	0	0.476	0.476
CD63	TSPAN2	9606.ENSP00000447730	9606.ENSP00000358529	0	0	0.100	0.656	0	0.602	0	0.313	0.732
CD63	MMP9	9606.ENSP00000447730	9606.ENSP00000361405	0	0	0	0	0.097	0	0	0.680	0.699
CD63	TXN	9606.ENSP00000447730	9606.ENSP00000363641	0	0	0	0	0.305	0	0	0.463	0.611
CD63	FLOT1	9606.ENSP00000447730	9606.ENSP00000365569	0	0	0	0	0.107	0	0	0.945	0.949
CD63	FLOT2	9606.ENSP00000447730	9606.ENSP00000378368	0	0	0	0	0.042	0	0	0.741	0.741
CEACAM8	PGLYRP1	9606.ENSP00000244336	9606.ENSP00000008938	0	0	0	0	0.453	0.052	0	0.276	0.592
CEACAM8	OLFM4	9606.ENSP00000244336	9606.ENSP00000219022	0	0	0	0	0.627	0	0	0.370	0.754
CEACAM8	LTF	9606.ENSP00000244336	9606.ENSP00000231751	0	0	0	0	0.536	0.049	0	0.755	0.882
CEACAM8	MMP8	9606.ENSP00000244336	9606.ENSP00000236826	0	0	0	0	0.772	0	0	0.550	0.893
CEACAM8	PADI4	9606.ENSP00000244336	9606.ENSP00000364597	0	0	0	0	0.160	0	0	0.327	0.410
CEACAM8	FOLR3	9606.ENSP00000244336	9606.ENSP00000481114	0	0	0	0	0.108	0.045	0	0.373	0.420
CEACAM8	MMP9	9606.ENSP00000244336	9606.ENSP00000361405	0	0	0	0	0.102	0	0	0.395	0.433
CEACAM8	SIGLEC5	9606.ENSP00000244336	9606.ENSP00000473238	0	0	0.299	0	0.104	0	0	0.244	0.483
CEACAM8	FCGR1A	9606.ENSP00000244336	9606.ENSP00000358165	0	0	0	0	0.063	0	0	0.530	0.541
CEACAM8	TCN1	9606.ENSP00000244336	9606.ENSP00000257264	0	0	0	0	0.252	0.046	0	0.485	0.601
CEACAM8	CRISP3	9606.ENSP00000244336	9606.ENSP00000389026	0	0	0	0	0.453	0.045	0	0.299	0.602
CEACAM8	LCN2	9606.ENSP00000244336	9606.ENSP00000362108	0	0	0	0	0.434	0.053	0	0.358	0.626
CEACAM8	CR1	9606.ENSP00000244336	9606.ENSP00000356016	0	0	0	0	0.080	0.048	0	0.736	0.748
CHPT1	PGS1	9606.ENSP00000229266	9606.ENSP00000262764	0	0	0	0	0	0	0.113	0.613	0.642
CKAP4	CYSTM1	9606.ENSP00000367265	9606.ENSP00000261811	0	0	0	0	0.061	0	0	0.429	0.440
CKAP4	S100A9	9606.ENSP00000367265	9606.ENSP00000357727	0	0	0	0	0.056	0	0	0.445	0.453
CLEC4D	TNFAIP6	9606.ENSP00000299665	9606.ENSP00000243347	0	0	0	0	0.190	0	0	0.328	0.433
CLEC4D	FCER1G	9606.ENSP00000299665	9606.ENSP00000289902	0	0	0	0	0.176	0	0.900	0.851	0.986
CLEC4D	CLEC4E	9606.ENSP00000299665	9606.ENSP00000299663	0	0	0.081	0.852	0.486	0.057	0.900	0.739	0.986
CLEC4D	FCGR1A	9606.ENSP00000299665	9606.ENSP00000358165	0	0	0	0	0.192	0	0	0.288	0.400
CLEC4D	NLRC4	9606.ENSP00000299665	9606.ENSP00000385428	0	0	0	0	0.335	0	0	0.212	0.453
CLEC4D	VNN1	9606.ENSP00000299665	9606.ENSP00000356905	0	0	0	0	0.139	0	0	0.438	0.495
CLEC4D	GPR84	9606.ENSP00000299665	9606.ENSP00000450310	0	0	0	0	0.468	0	0	0.180	0.545
CLEC4D	S100A12	9606.ENSP00000299665	9606.ENSP00000357726	0	0	0	0	0.481	0.048	0	0.201	0.571
CLEC4D	MCEMP1	9606.ENSP00000299665	9606.ENSP00000329920	0	0	0	0	0.415	0	0	0.401	0.635
CLEC4E	IRAK3	9606.ENSP00000299663	9606.ENSP00000261233	0	0	0	0	0.265	0.045	0	0.248	0.426
CLEC4E	FCER1G	9606.ENSP00000299663	9606.ENSP00000289902	0	0	0	0	0.169	0.045	0.900	0.994	0.999
CLEC4E	TLR5	9606.ENSP00000299663	9606.ENSP00000496355	0	0	0	0	0.136	0.045	0	0.354	0.420
CLEC4E	NLRC4	9606.ENSP00000299663	9606.ENSP00000385428	0	0	0	0	0.318	0	0	0.322	0.517
CNIH4	GSR	9606.ENSP00000420443	9606.ENSP00000221130	0	0	0	0	0.049	0	0	0.497	0.501
COL17A1	TIMP1	9606.ENSP00000497653	9606.ENSP00000218388	0	0	0	0	0	0	0	0.444	0.444
CR1	FCAR	9606.ENSP00000356016	9606.ENSP00000347714	0	0	0	0	0.198	0	0	0.424	0.518
CR1	FCGR1A	9606.ENSP00000356016	9606.ENSP00000358165	0	0	0	0	0.085	0	0	0.571	0.590
CRISP3	PGLYRP1	9606.ENSP00000389026	9606.ENSP00000008938	0	0	0	0	0.244	0	0	0.478	0.588
CRISP3	OLFM4	9606.ENSP00000389026	9606.ENSP00000219022	0	0	0	0	0.331	0	0	0.465	0.626
CRISP3	LTF	9606.ENSP00000389026	9606.ENSP00000231751	0	0	0	0	0.315	0	0	0.386	0.561
CRISP3	MMP8	9606.ENSP00000389026	9606.ENSP00000236826	0	0	0	0	0.511	0	0	0.357	0.672
CRISP3	TCN1	9606.ENSP00000389026	9606.ENSP00000257264	0	0	0	0	0.247	0.045	0	0.339	0.483
CRISP3	QPCT	9606.ENSP00000389026	9606.ENSP00000344829	0	0	0	0	0.064	0	0	0.423	0.438
CRISP3	LCN2	9606.ENSP00000389026	9606.ENSP00000362108	0	0	0	0	0.245	0	0	0.527	0.627
CSF2RA	JAK2	9606.ENSP00000394227	9606.ENSP00000371067	0	0	0	0	0.072	0.077	0.720	0.557	0.879
CSF2RA	IL1R1	9606.ENSP00000394227	9606.ENSP00000386380	0	0	0	0	0.060	0.292	0	0.499	0.637
CST7	CTSD	9606.ENSP00000420384	9606.ENSP00000236671	0	0	0	0	0.049	0	0	0.440	0.445
CST7	IL18RAP	9606.ENSP00000420384	9606.ENSP00000264260	0	0	0	0	0.527	0	0	0.215	0.613
CST7	CSTA	9606.ENSP00000420384	9606.ENSP00000264474	0	0	0	0	0.133	0	0	0.446	0.499
CST7	SLPI	9606.ENSP00000420384	9606.ENSP00000342082	0	0	0	0	0.068	0	0	0.417	0.433
CSTA	CTSD	9606.ENSP00000264474	9606.ENSP00000236671	0	0	0	0	0.070	0.070	0	0.381	0.418
CSTA	SLPI	9606.ENSP00000264474	9606.ENSP00000342082	0	0	0	0	0.149	0.046	0	0.320	0.400
CSTA	UGCG	9606.ENSP00000264474	9606.ENSP00000363397	0	0	0	0	0.070	0	0	0.414	0.432
CSTA	SERPINB1	9606.ENSP00000264474	9606.ENSP00000370115	0	0	0	0	0.126	0	0	0.391	0.445
CSTA	S100A12	9606.ENSP00000264474	9606.ENSP00000357726	0	0	0	0	0.334	0.091	0	0.330	0.559
CSTA	S100A9	9606.ENSP00000264474	9606.ENSP00000357727	0	0	0	0	0.422	0.241	0	0.306	0.669
CTSD	OLFM4	9606.ENSP00000236671	9606.ENSP00000219022	0	0	0	0	0.042	0	0	0.459	0.460
CTSD	H4C6	9606.ENSP00000236671	9606.ENSP00000244537	0	0	0	0	0	0	0	0.425	0.425
CTSD	MMP9	9606.ENSP00000236671	9606.ENSP00000361405	0	0	0	0	0.116	0	0	0.483	0.523
CTSD	SORT1	9606.ENSP00000236671	9606.ENSP00000256637	0	0	0	0	0.080	0.055	0	0.790	0.801
DHRS9	TSPO	9606.ENSP00000389241	9606.ENSP00000379563	0	0	0	0	0.074	0	0	0.395	0.416
DRAM1	TP53I3	9606.ENSP00000258534	9606.ENSP00000238721	0	0	0	0	0.063	0	0	0.458	0.471
DRAM1	WIPI1	9606.ENSP00000258534	9606.ENSP00000262139	0	0	0	0	0.072	0	0	0.433	0.451
ENTPD1	IL18	9606.ENSP00000360250	9606.ENSP00000280357	0	0	0	0	0.064	0	0	0.444	0.457
ENTPD1	FCGR1A	9606.ENSP00000360250	9606.ENSP00000358165	0	0	0	0	0.134	0	0	0.426	0.481
ERLIN1	STOM	9606.ENSP00000410964	9606.ENSP00000286713	0	0	0	0	0.042	0.210	0	0.551	0.630
ETS2	MMP9	9606.ENSP00000353344	9606.ENSP00000361405	0	0	0	0	0.102	0	0	0.363	0.404
EXOC6	RAB32	9606.ENSP00000260762	9606.ENSP00000356465	0	0	0	0	0	0	0	0.653	0.653
EXOC6	RAB13	9606.ENSP00000260762	9606.ENSP00000357564	0	0	0	0	0	0.288	0.500	0.387	0.763
F5	TIMP1	9606.ENSP00000356771	9606.ENSP00000218388	0	0	0	0	0.055	0	0.400	0.096	0.442
FCAR	FCER1G	9606.ENSP00000347714	9606.ENSP00000289902	0	0	0	0	0.148	0.292	0	0.977	0.984
FCAR	RNASE2	9606.ENSP00000347714	9606.ENSP00000303276	0	0	0	0	0.107	0	0	0.418	0.458
FCAR	FCGR1A	9606.ENSP00000347714	9606.ENSP00000358165	0	0	0	0	0.068	0.510	0	0.841	0.921
FCER1G	SAMSN1	9606.ENSP00000289902	9606.ENSP00000285670	0	0	0	0	0.354	0	0	0.181	0.448
FCER1G	SIGLEC9	9606.ENSP00000289902	9606.ENSP00000413861	0	0	0	0	0.327	0	0	0.160	0.410
FCER1G	MMP9	9606.ENSP00000289902	9606.ENSP00000361405	0	0	0	0	0.267	0	0	0.230	0.411
FCER1G	IFNGR1	9606.ENSP00000289902	9606.ENSP00000356713	0	0	0	0	0.170	0	0	0.357	0.444
FCER1G	HK3	9606.ENSP00000289902	9606.ENSP00000292432	0	0	0	0	0.458	0	0	0	0.458
FCER1G	FCGR1B	9606.ENSP00000289902	9606.ENSP00000358391	0	0	0	0	0.332	0	0	0.290	0.505
FCER1G	MS4A4A	9606.ENSP00000289902	9606.ENSP00000338648	0	0	0	0	0.432	0	0	0.245	0.553
FCER1G	FCGR1A	9606.ENSP00000289902	9606.ENSP00000358165	0	0	0	0	0.330	0.345	0	0.970	0.985
FCER1G	OSCAR	9606.ENSP00000289902	9606.ENSP00000479089	0	0	0	0	0.312	0	0	0.992	0.994
FCGR1A	IL18	9606.ENSP00000358165	9606.ENSP00000280357	0	0	0	0	0.059	0	0	0.390	0.401
FCGR1A	RNASE2	9606.ENSP00000358165	9606.ENSP00000303276	0	0	0	0	0.334	0	0	0.147	0.407
FCGR1A	S100A12	9606.ENSP00000358165	9606.ENSP00000357726	0	0	0	0	0.212	0	0	0.560	0.638
FCGR1A	OSCAR	9606.ENSP00000358165	9606.ENSP00000479089	0	0	0.243	0	0.164	0	0	0.147	0.413
FCGR1A	MMP9	9606.ENSP00000358165	9606.ENSP00000361405	0	0	0	0	0.109	0.045	0	0.376	0.423
FCGR1A	JAK2	9606.ENSP00000358165	9606.ENSP00000371067	0	0	0	0	0.181	0.102	0	0.304	0.444
FCGR1A	TLR5	9606.ENSP00000358165	9606.ENSP00000496355	0	0	0	0	0.210	0.095	0	0.314	0.467
FCGR1A	FCGR1B	9606.ENSP00000358165	9606.ENSP00000358391	0	0	0.047	0.984	0.999	0	0.400	0.395	0.999
FGD4	KIF1B	9606.ENSP00000433666	9606.ENSP00000263934	0	0	0	0	0.107	0	0	0.417	0.457
FKBP5	VNN1	9606.ENSP00000444810	9606.ENSP00000356905	0	0	0	0	0.060	0.049	0	0.397	0.414
FLOT1	STOM	9606.ENSP00000365569	9606.ENSP00000286713	0	0	0	0	0.048	0	0.400	0.864	0.915
FLOT1	FLOT2	9606.ENSP00000365569	9606.ENSP00000378368	0	0	0.077	0.926	0.328	0.643	0.900	0.762	0.993
FLOT2	STOM	9606.ENSP00000378368	9606.ENSP00000286713	0	0	0	0	0.056	0	0.400	0.786	0.868
FLOT2	UGCG	9606.ENSP00000378368	9606.ENSP00000363397	0	0	0	0	0.047	0	0	0.425	0.428
FNDC3B	GAS7	9606.ENSP00000411242	9606.ENSP00000407552	0	0	0	0	0.042	0.045	0	0.514	0.517
FOLR3	PGLYRP1	9606.ENSP00000481114	9606.ENSP00000008938	0	0	0	0	0.184	0	0	0.362	0.457
FOLR3	MMP8	9606.ENSP00000481114	9606.ENSP00000236826	0	0	0	0	0.109	0	0	0.381	0.425
FOLR3	TCN1	9606.ENSP00000481114	9606.ENSP00000257264	0	0	0	0	0.074	0	0	0.518	0.535
FOLR3	MCTP1	9606.ENSP00000481114	9606.ENSP00000424126	0	0	0	0	0	0	0	0.400	0.400
GADD45A	MAPK14	9606.ENSP00000360025	9606.ENSP00000229795	0	0	0	0	0	0	0	0.669	0.669
GADD45A	TP53I3	9606.ENSP00000360025	9606.ENSP00000238721	0	0	0	0	0.048	0	0	0.488	0.492
GADD45A	PTX3	9606.ENSP00000360025	9606.ENSP00000295927	0	0	0	0	0.087	0	0	0.412	0.440
GADD45A	JAK2	9606.ENSP00000360025	9606.ENSP00000371067	0	0	0	0	0	0	0	0.426	0.426
GADD45A	MAP2K6	9606.ENSP00000360025	9606.ENSP00000468348	0	0	0	0	0	0.591	0	0.228	0.670
GJB6	KCNE1	9606.ENSP00000494468	9606.ENSP00000382226	0	0	0	0	0	0	0	0.605	0.605
GPR84	TNFAIP6	9606.ENSP00000450310	9606.ENSP00000243347	0	0	0.205	0	0.311	0	0	0.108	0.469
GPR84	HK3	9606.ENSP00000450310	9606.ENSP00000292432	0	0	0	0	0.342	0	0	0.167	0.429
GPR84	MCEMP1	9606.ENSP00000450310	9606.ENSP00000329920	0	0	0	0	0.335	0	0	0.311	0.522
GPR84	S100A12	9606.ENSP00000450310	9606.ENSP00000357726	0	0	0	0	0.266	0.045	0	0.232	0.415
GSR	NME8	9606.ENSP00000221130	9606.ENSP00000199447	0.047	0	0	0	0.127	0.247	0	0.350	0.538
GSR	POR	9606.ENSP00000221130	9606.ENSP00000419970	0	0	0	0	0.084	0	0	0.429	0.455
GSR	TXN	9606.ENSP00000221130	9606.ENSP00000363641	0	0	0	0	0.115	0.197	0	0.891	0.916
GSR	MGST1	9606.ENSP00000221130	9606.ENSP00000379512	0	0	0	0	0.060	0	0.900	0.373	0.936
GYG1	PYGL	9606.ENSP00000340736	9606.ENSP00000216392	0	0	0	0	0.162	0	0.500	0.665	0.847
GYG1	PPP1R3D	9606.ENSP00000340736	9606.ENSP00000360035	0	0	0	0	0.149	0	0	0.402	0.470
H2AC18	MAPK14	9606.ENSP00000358155	9606.ENSP00000229795	0	0	0	0	0.042	0	0.500	0.119	0.541
H2AC18	LTF	9606.ENSP00000358155	9606.ENSP00000231751	0	0	0	0	0.042	0	0	0.520	0.520
H2AC18	H4C6	9606.ENSP00000358155	9606.ENSP00000244537	0	0.019	0	0	0.729	0.937	0.400	0.999	0.999
H2AC18	H2BC5	9606.ENSP00000358155	9606.ENSP00000289316	0	0.018	0	0	0.813	0.178	0.400	0.764	0.975
H2AC18	HMGB2	9606.ENSP00000358155	9606.ENSP00000296503	0	0	0	0	0.247	0.106	0	0.180	0.400
H2AC18	PIWIL4	9606.ENSP00000358155	9606.ENSP00000299001	0	0	0	0	0	0.055	0	0.395	0.403
H2AC18	H2AC7	9606.ENSP00000358155	9606.ENSP00000341094	0	0	0.048	0.984	0.468	0	0.400	0.045	0.671
H2AC18	S100A12	9606.ENSP00000358155	9606.ENSP00000357726	0	0	0	0	0.074	0.050	0	0.396	0.422
H2AC18	S100A9	9606.ENSP00000358155	9606.ENSP00000357727	0	0	0	0	0.083	0.050	0	0.397	0.428
H2AC18	PADI4	9606.ENSP00000358155	9606.ENSP00000364597	0	0	0	0	0.042	0	0	0.505	0.505
H2AC18	H2BS1	9606.ENSP00000358155	9606.ENSP00000481622	0	0.018	0	0	0.243	0.286	0.400	0.734	0.902
H2AC18	H2BC9	9606.ENSP00000358155	9606.ENSP00000479169	0	0.018	0	0	0.550	0.295	0.400	0.736	0.943
H2AC7	MAPK14	9606.ENSP00000341094	9606.ENSP00000229795	0	0	0	0	0.074	0	0.500	0	0.517
H2AC7	H4C6	9606.ENSP00000341094	9606.ENSP00000244537	0	0.018	0	0	0.341	0.937	0.400	0.397	0.983
H2AC7	H2BC5	9606.ENSP00000341094	9606.ENSP00000289316	0	0.018	0	0	0.571	0.914	0.400	0.328	0.983
H2AC7	H2BS1	9606.ENSP00000341094	9606.ENSP00000481622	0	0.018	0	0	0.292	0.178	0.400	0.074	0.633
H2AC7	H2BC9	9606.ENSP00000341094	9606.ENSP00000479169	0	0.018	0	0	0.816	0.914	0.400	0.195	0.991
H2BC5	MAPK14	9606.ENSP00000289316	9606.ENSP00000229795	0	0	0	0	0.060	0.045	0.500	0.093	0.538
H2BC5	H4C6	9606.ENSP00000289316	9606.ENSP00000244537	0	0.060	0	0	0.317	0.929	0.400	0.768	0.992
H2BC5	H2BS1	9606.ENSP00000289316	9606.ENSP00000481622	0	0	0.048	0.984	0.120	0.127	0.400	0.043	0.503
H2BC5	H2BC9	9606.ENSP00000289316	9606.ENSP00000479169	0	0	0.048	0.984	0.766	0.850	0.400	0.046	0.977
H2BC9	MAPK14	9606.ENSP00000479169	9606.ENSP00000229795	0	0	0	0	0.060	0.045	0.500	0.076	0.530
H2BC9	H4C6	9606.ENSP00000479169	9606.ENSP00000244537	0	0.066	0	0	0.388	0.892	0.400	0.746	0.989
H2BC9	H2BS1	9606.ENSP00000479169	9606.ENSP00000481622	0	0	0.048	0.984	0.086	0.297	0.400	0.042	0.584
H2BS1	MAPK14	9606.ENSP00000481622	9606.ENSP00000229795	0	0	0	0	0	0.045	0.500	0.078	0.521
H2BS1	H4C6	9606.ENSP00000481622	9606.ENSP00000244537	0	0.059	0	0	0.239	0.294	0.400	0.741	0.907
H4C6	RBX1	9606.ENSP00000244537	9606.ENSP00000216225	0	0	0	0	0.049	0.422	0	0.370	0.624
H4C6	MAPK14	9606.ENSP00000244537	9606.ENSP00000229795	0	0	0	0	0	0.064	0.500	0.156	0.570
H4C6	S100A12	9606.ENSP00000244537	9606.ENSP00000357726	0	0	0	0	0	0.071	0	0.415	0.433
H4C6	HMGB2	9606.ENSP00000244537	9606.ENSP00000296503	0	0	0	0	0.190	0.331	0	0.102	0.471
H4C6	PADI4	9606.ENSP00000244537	9606.ENSP00000364597	0	0	0	0	0	0	0	0.506	0.506
HK3	SLC2A3	9606.ENSP00000292432	9606.ENSP00000075120	0	0	0	0	0.116	0	0	0.377	0.426
HK3	PYGL	9606.ENSP00000292432	9606.ENSP00000216392	0	0	0	0	0.176	0.045	0	0.375	0.466
HK3	RNASE2	9606.ENSP00000292432	9606.ENSP00000303276	0	0	0	0	0.418	0	0	0	0.418
HK3	OSCAR	9606.ENSP00000292432	9606.ENSP00000479089	0	0	0	0	0.437	0	0	0.081	0.460
HK3	S100A9	9606.ENSP00000292432	9606.ENSP00000357727	0	0	0	0	0.436	0.050	0	0.102	0.477
HK3	MCEMP1	9606.ENSP00000292432	9606.ENSP00000329920	0	0	0	0	0.478	0	0	0	0.478
HK3	SIGLEC9	9606.ENSP00000292432	9606.ENSP00000413861	0	0	0	0	0.511	0	0	0	0.511
HK3	S100A12	9606.ENSP00000292432	9606.ENSP00000357726	0	0	0	0	0.448	0.050	0	0.165	0.524
HK3	PFKFB2	9606.ENSP00000292432	9606.ENSP00000356047	0	0	0	0	0.105	0	0.650	0.432	0.806
HK3	PFKFB3	9606.ENSP00000292432	9606.ENSP00000492001	0	0	0	0	0.103	0	0.650	0.489	0.825
HK3	MGAM	9606.ENSP00000292432	9606.ENSP00000447378	0	0	0	0	0.175	0	0.912	0.069	0.927
HP	TIMP1	9606.ENSP00000348170	9606.ENSP00000218388	0	0	0	0	0.048	0	0	0.400	0.404
HP	LTF	9606.ENSP00000348170	9606.ENSP00000231751	0	0	0	0	0.260	0.052	0	0.752	0.811
HP	MMP8	9606.ENSP00000348170	9606.ENSP00000236826	0	0	0	0	0.265	0	0	0.312	0.473
HP	ORM1	9606.ENSP00000348170	9606.ENSP00000259396	0	0	0	0	0.384	0.240	0	0.947	0.973
HP	LRG1	9606.ENSP00000348170	9606.ENSP00000302621	0	0	0	0	0.286	0	0	0.571	0.680
HP	S100A9	9606.ENSP00000348170	9606.ENSP00000357727	0	0	0	0	0.148	0.094	0	0.464	0.551
HP	S100A12	9606.ENSP00000348170	9606.ENSP00000357726	0	0	0	0	0.199	0.094	0	0.492	0.599
HP	LCN2	9606.ENSP00000348170	9606.ENSP00000362108	0	0	0	0	0.189	0.053	0	0.654	0.711
HP	MMP9	9606.ENSP00000348170	9606.ENSP00000361405	0	0	0	0	0.106	0	0	0.776	0.791
HSH2D	LTB4R	9606.ENSP00000482604	9606.ENSP00000380008	0	0	0	0	0.062	0	0	0.726	0.732
IFNGR1	IL18	9606.ENSP00000356713	9606.ENSP00000280357	0	0	0	0	0.067	0	0	0.452	0.467
IFNGR1	IL18R1	9606.ENSP00000356713	9606.ENSP00000387211	0	0	0	0	0.108	0	0	0.418	0.459
IFNGR1	IL1R1	9606.ENSP00000356713	9606.ENSP00000386380	0	0	0	0	0.135	0	0	0.628	0.664
IFNGR1	JAK2	9606.ENSP00000356713	9606.ENSP00000371067	0	0	0	0	0.146	0.525	0.900	0.993	0.999
IL18	TIMP1	9606.ENSP00000280357	9606.ENSP00000218388	0	0	0	0	0.066	0	0	0.471	0.485
IL18	MAPK14	9606.ENSP00000280357	9606.ENSP00000229795	0	0	0	0	0	0	0	0.521	0.521
IL18	LTF	9606.ENSP00000280357	9606.ENSP00000231751	0	0	0	0	0.043	0	0	0.400	0.401
IL18	IL18RAP	9606.ENSP00000280357	9606.ENSP00000264260	0	0	0	0	0.084	0.933	0.900	0.996	0.999
IL18	S100A12	9606.ENSP00000280357	9606.ENSP00000357726	0	0	0	0	0.049	0	0	0.419	0.423
IL18	TXN	9606.ENSP00000280357	9606.ENSP00000363641	0	0	0	0	0.093	0	0	0.435	0.466
IL18	JAK2	9606.ENSP00000280357	9606.ENSP00000371067	0	0	0	0	0.060	0	0	0.491	0.501
IL18	MMP9	9606.ENSP00000280357	9606.ENSP00000361405	0	0	0	0	0.071	0	0	0.602	0.615
IL18	NAIP	9606.ENSP00000280357	9606.ENSP00000428657	0	0	0	0	0.049	0	0	0.619	0.622
IL18	LCN2	9606.ENSP00000280357	9606.ENSP00000362108	0	0	0	0	0.075	0	0	0.721	0.730
IL18	TLR5	9606.ENSP00000280357	9606.ENSP00000496355	0	0	0	0	0.059	0	0	0.763	0.767
IL18	NLRC4	9606.ENSP00000280357	9606.ENSP00000385428	0	0	0	0	0.061	0	0	0.940	0.941
IL18	IL1R1	9606.ENSP00000280357	9606.ENSP00000386380	0	0	0	0	0.044	0	0	0.965	0.965
IL18	IL18R1	9606.ENSP00000280357	9606.ENSP00000387211	0	0	0	0	0.088	0.960	0.900	0.998	0.999
IL18R1	IRAK3	9606.ENSP00000387211	9606.ENSP00000261233	0	0	0	0	0.245	0	0	0.324	0.467
IL18R1	IL18RAP	9606.ENSP00000387211	9606.ENSP00000264260	0	0	0	0.680	0.780	0.900	0.900	0.987	0.999
IL18R1	S100A12	9606.ENSP00000387211	9606.ENSP00000357726	0	0	0	0	0.095	0	0	0.367	0.402
IL18R1	IL1R1	9606.ENSP00000387211	9606.ENSP00000386380	0	0	0	0.700	0.197	0	0	0.791	0.824
IL18RAP	SIGLEC5	9606.ENSP00000264260	9606.ENSP00000473238	0	0	0.337	0	0.149	0	0	0.084	0.438
IL18RAP	NLRC4	9606.ENSP00000264260	9606.ENSP00000385428	0	0	0	0	0.241	0	0	0.305	0.449
IL18RAP	S100A12	9606.ENSP00000264260	9606.ENSP00000357726	0	0	0	0	0.342	0	0	0.259	0.492
IL18RAP	VNN2	9606.ENSP00000264260	9606.ENSP00000322276	0	0	0	0	0.535	0	0	0.065	0.546
IL18RAP	IL1R1	9606.ENSP00000264260	9606.ENSP00000386380	0	0	0	0.622	0.068	0	0	0.550	0.562
IL1R1	MAPK14	9606.ENSP00000386380	9606.ENSP00000229795	0	0	0	0	0.109	0	0	0.536	0.569
IL1R1	IRAK3	9606.ENSP00000386380	9606.ENSP00000261233	0	0	0	0	0.136	0.045	0.400	0.781	0.877
IL1R1	MMP9	9606.ENSP00000386380	9606.ENSP00000361405	0	0	0	0	0.117	0	0	0.448	0.492
IL1R1	JAK2	9606.ENSP00000386380	9606.ENSP00000371067	0	0	0	0	0.098	0.045	0	0.398	0.436
IL1R1	LTB4R	9606.ENSP00000386380	9606.ENSP00000380008	0	0	0	0	0.042	0	0	0.477	0.477
IL1R1	NLRC4	9606.ENSP00000386380	9606.ENSP00000385428	0	0	0	0	0.056	0	0	0.695	0.699
IL1R1	TLR5	9606.ENSP00000386380	9606.ENSP00000496355	0	0	0	0	0.119	0	0	0.824	0.838
IRAK3	TLR5	9606.ENSP00000261233	9606.ENSP00000496355	0	0	0	0	0.182	0.100	0	0.664	0.731
JAK2	RBX1	9606.ENSP00000371067	9606.ENSP00000216225	0	0	0	0	0.105	0	0.500	0.169	0.596
JAK2	SLC40A1	9606.ENSP00000371067	9606.ENSP00000261024	0	0	0	0	0.055	0.095	0	0.505	0.540
JAK2	MMP9	9606.ENSP00000371067	9606.ENSP00000361405	0	0	0	0	0.105	0	0	0.593	0.621
KLHL2	RBX1	9606.ENSP00000424198	9606.ENSP00000216225	0	0	0	0	0.043	0.045	0.720	0.295	0.795
KLHL2	WDFY3	9606.ENSP00000424198	9606.ENSP00000295888	0	0	0	0	0.137	0	0	0.404	0.463
LCN2	PGLYRP1	9606.ENSP00000362108	9606.ENSP00000008938	0	0	0	0	0.280	0	0	0.587	0.689
LCN2	TIMP1	9606.ENSP00000362108	9606.ENSP00000218388	0	0	0	0	0.098	0	0.400	0.746	0.850
LCN2	OLFM4	9606.ENSP00000362108	9606.ENSP00000219022	0	0	0	0	0.618	0	0	0.639	0.856
LCN2	LTF	9606.ENSP00000362108	9606.ENSP00000231751	0	0	0	0	0.546	0.072	0	0.992	0.996
LCN2	MMP8	9606.ENSP00000362108	9606.ENSP00000236826	0	0	0	0	0.260	0	0	0.733	0.794
LCN2	TNFAIP6	9606.ENSP00000362108	9606.ENSP00000243347	0	0	0.263	0	0.080	0	0	0.198	0.409
LCN2	TCN1	9606.ENSP00000362108	9606.ENSP00000257264	0	0	0	0	0.426	0	0	0.555	0.733
LCN2	ORM1	9606.ENSP00000362108	9606.ENSP00000259396	0	0	0.206	0	0.161	0	0	0.596	0.707
LCN2	SLC40A1	9606.ENSP00000362108	9606.ENSP00000261024	0	0	0	0	0.072	0	0	0.447	0.464
LCN2	PTX3	9606.ENSP00000362108	9606.ENSP00000295927	0	0	0	0	0.067	0	0	0.400	0.416
LCN2	S100P	9606.ENSP00000362108	9606.ENSP00000296370	0	0	0	0	0.331	0.064	0	0.203	0.457
LCN2	LRG1	9606.ENSP00000362108	9606.ENSP00000302621	0	0	0	0	0.211	0.045	0	0.284	0.414
LCN2	SLPI	9606.ENSP00000362108	9606.ENSP00000342082	0	0	0	0	0.440	0.045	0	0.821	0.896
LCN2	VNN1	9606.ENSP00000362108	9606.ENSP00000356905	0	0	0	0	0.132	0	0	0.382	0.441
LCN2	S100A12	9606.ENSP00000362108	9606.ENSP00000357726	0	0	0	0	0.250	0.064	0	0.493	0.613
LCN2	S100A9	9606.ENSP00000362108	9606.ENSP00000357727	0	0	0	0	0.303	0.064	0	0.426	0.593
LCN2	MMP9	9606.ENSP00000362108	9606.ENSP00000361405	0	0	0	0	0.131	0.422	0.400	0.995	0.998
LCN2	PADI4	9606.ENSP00000362108	9606.ENSP00000364597	0	0	0	0	0.082	0	0	0.578	0.596
LILRA5	MCEMP1	9606.ENSP00000404236	9606.ENSP00000329920	0	0	0	0	0.332	0	0	0.144	0.403
LRG1	ORM1	9606.ENSP00000302621	9606.ENSP00000259396	0	0	0	0	0.181	0	0	0.476	0.552
LTB4R	TLR5	9606.ENSP00000380008	9606.ENSP00000496355	0	0	0	0	0.137	0	0	0.473	0.526
LTF	PGLYRP1	9606.ENSP00000231751	9606.ENSP00000008938	0	0	0	0	0.290	0	0	0.705	0.781
LTF	OLFM4	9606.ENSP00000231751	9606.ENSP00000219022	0	0	0	0	0.542	0	0	0.606	0.812
LTF	RNASE2	9606.ENSP00000231751	9606.ENSP00000303276	0	0	0	0	0.140	0	0	0.366	0.431
LTF	SLC40A1	9606.ENSP00000231751	9606.ENSP00000261024	0	0	0	0	0.083	0	0	0.413	0.438
LTF	SERPINB1	9606.ENSP00000231751	9606.ENSP00000370115	0	0	0	0	0.084	0	0	0.428	0.454
LTF	S100A12	9606.ENSP00000231751	9606.ENSP00000357726	0	0	0	0	0.188	0.049	0	0.555	0.627
LTF	PTX3	9606.ENSP00000231751	9606.ENSP00000295927	0	0	0	0	0.082	0	0	0.620	0.636
LTF	PADI4	9606.ENSP00000231751	9606.ENSP00000364597	0	0	0	0	0.068	0	0	0.636	0.646
LTF	S100A9	9606.ENSP00000231751	9606.ENSP00000357727	0	0	0	0	0.210	0.230	0	0.495	0.666
LTF	ORM1	9606.ENSP00000231751	9606.ENSP00000259396	0	0	0	0	0.160	0	0	0.674	0.715
LTF	MMP9	9606.ENSP00000231751	9606.ENSP00000361405	0	0	0	0	0.166	0	0	0.733	0.768
LTF	SLPI	9606.ENSP00000231751	9606.ENSP00000342082	0	0	0	0	0.125	0.057	0	0.790	0.811
LTF	MMP8	9606.ENSP00000231751	9606.ENSP00000236826	0	0	0	0	0.447	0	0	0.705	0.830
LTF	TCN1	9606.ENSP00000231751	9606.ENSP00000257264	0	0	0	0	0.267	0.045	0	0.818	0.861
MAP2K6	MAPK14	9606.ENSP00000468348	9606.ENSP00000229795	0	0	0.133	0.618	0.125	0.946	0.900	0.378	0.997
MAP2K6	TXN	9606.ENSP00000468348	9606.ENSP00000363641	0	0	0	0	0	0.057	0.500	0.219	0.599
MAP3K20	MAPK14	9606.ENSP00000364361	9606.ENSP00000229795	0	0	0	0.600	0.056	0.110	0	0.656	0.685
MAPK14	PYGL	9606.ENSP00000229795	9606.ENSP00000216392	0	0.014	0	0	0.068	0.052	0	0.395	0.418
MAPK14	SRPK1	9606.ENSP00000229795	9606.ENSP00000362931	0	0	0	0.572	0.236	0.331	0	0.100	0.500
MAPK14	MMP9	9606.ENSP00000229795	9606.ENSP00000361405	0	0	0	0	0.105	0	0	0.498	0.532
MCEMP1	OSCAR	9606.ENSP00000329920	9606.ENSP00000479089	0	0	0	0	0.420	0	0	0	0.420
MCEMP1	PET100	9606.ENSP00000329920	9606.ENSP00000470539	0	0	0	0	0	0	0	0.444	0.444
MCEMP1	NLRC4	9606.ENSP00000329920	9606.ENSP00000385428	0	0	0	0	0.439	0	0	0.091	0.468
MCEMP1	S100A12	9606.ENSP00000329920	9606.ENSP00000357726	0	0	0	0	0.506	0	0	0.327	0.653
METTL7B	METTL9	9606.ENSP00000377796	9606.ENSP00000350874	0	0	0	0	0.044	0	0	0.662	0.663
METTL9	NDUFB3	9606.ENSP00000350874	9606.ENSP00000407336	0	0	0	0	0.055	0	0	0.461	0.469
MGAM	PYGL	9606.ENSP00000447378	9606.ENSP00000216392	0.057	0	0	0	0.067	0	0.925	0.605	0.970
MMP8	PGLYRP1	9606.ENSP00000236826	9606.ENSP00000008938	0	0	0	0	0.420	0	0	0.557	0.732
MMP8	TIMP1	9606.ENSP00000236826	9606.ENSP00000218388	0	0	0	0	0.057	0.160	0	0.809	0.835
MMP8	OLFM4	9606.ENSP00000236826	9606.ENSP00000219022	0	0	0	0	0.629	0	0	0.633	0.858
MMP8	S100A12	9606.ENSP00000236826	9606.ENSP00000357726	0	0	0	0	0.230	0	0	0.348	0.476
MMP8	MMP9	9606.ENSP00000236826	9606.ENSP00000361405	0	0	0	0.730	0.168	0	0	0.548	0.608
MMP8	TCN1	9606.ENSP00000236826	9606.ENSP00000257264	0	0	0	0	0.270	0	0	0.742	0.803
MMP9	PGLYRP1	9606.ENSP00000361405	9606.ENSP00000008938	0	0	0	0	0.246	0	0	0.520	0.622
MMP9	TIMP1	9606.ENSP00000361405	9606.ENSP00000218388	0	0	0	0	0.075	0.572	0.900	0.999	0.999
MMP9	TNFAIP6	9606.ENSP00000361405	9606.ENSP00000243347	0	0	0	0	0.174	0	0	0.359	0.448
MMP9	TCN1	9606.ENSP00000361405	9606.ENSP00000257264	0	0	0	0	0.083	0	0	0.444	0.468
MMP9	ORM1	9606.ENSP00000361405	9606.ENSP00000259396	0	0	0	0	0.141	0	0	0.499	0.551
MMP9	PTX3	9606.ENSP00000361405	9606.ENSP00000295927	0	0	0	0	0.054	0	0	0.434	0.441
MMP9	RNASE2	9606.ENSP00000361405	9606.ENSP00000303276	0	0	0	0	0.109	0	0	0.505	0.540
MMP9	SLPI	9606.ENSP00000361405	9606.ENSP00000342082	0	0	0	0	0.072	0.050	0	0.400	0.425
MMP9	S100A12	9606.ENSP00000361405	9606.ENSP00000357726	0	0	0	0	0.239	0	0	0.631	0.707
MMP9	S100A9	9606.ENSP00000361405	9606.ENSP00000357727	0	0	0	0	0.286	0	0	0.350	0.516
MMP9	TXN	9606.ENSP00000361405	9606.ENSP00000363641	0	0	0	0	0.098	0	0	0.400	0.436
MMP9	OSCAR	9606.ENSP00000361405	9606.ENSP00000479089	0	0	0	0	0.167	0.045	0	0.380	0.464
MS4A4A	NME8	9606.ENSP00000338648	9606.ENSP00000199447	0	0	0	0	0.140	0	0	0.543	0.590
MS4A4A	SAMSN1	9606.ENSP00000338648	9606.ENSP00000285670	0	0	0	0	0.337	0	0	0.156	0.417
MTF1	SLC40A1	9606.ENSP00000362127	9606.ENSP00000261024	0	0	0	0	0.042	0	0	0.425	0.426
NAIP	NLRC4	9606.ENSP00000428657	9606.ENSP00000385428	0	0	0.235	0.603	0.163	0.671	0.900	0.988	0.999
NAIP	TLR5	9606.ENSP00000428657	9606.ENSP00000496355	0	0	0	0	0.163	0.094	0	0.469	0.562
NDUFAF1	NDUFB3	9606.ENSP00000260361	9606.ENSP00000407336	0	0	0	0	0.265	0	0.967	0.414	0.984
NDUFB3	TXN	9606.ENSP00000407336	9606.ENSP00000363641	0	0	0	0	0.426	0	0	0.099	0.461
NLRC4	OSCAR	9606.ENSP00000385428	9606.ENSP00000479089	0	0	0	0	0.425	0	0	0	0.424
NLRC4	SIGLEC9	9606.ENSP00000385428	9606.ENSP00000413861	0	0	0	0	0.442	0	0	0.067	0.457
NLRC4	TLR5	9606.ENSP00000385428	9606.ENSP00000496355	0	0	0	0	0.153	0	0	0.726	0.758
NME8	TNFAIP6	9606.ENSP00000199447	9606.ENSP00000243347	0	0	0	0	0.097	0.068	0	0.571	0.608
NME8	TXN	9606.ENSP00000199447	9606.ENSP00000363641	0	0	0	0	0.055	0.061	0	0.738	0.747
OLFM4	PGLYRP1	9606.ENSP00000219022	9606.ENSP00000008938	0	0	0	0	0.213	0	0	0.536	0.619
OLFM4	TCN1	9606.ENSP00000219022	9606.ENSP00000257264	0	0	0	0	0.282	0	0	0.569	0.677
OPLAH	VNN2	9606.ENSP00000480476	9606.ENSP00000322276	0.057	0	0	0	0	0	0.429	0.074	0.457
OPLAH	VNN1	9606.ENSP00000480476	9606.ENSP00000356905	0.057	0	0	0	0.056	0	0.429	0.074	0.466
ORM1	PGLYRP1	9606.ENSP00000259396	9606.ENSP00000008938	0	0	0	0	0.254	0	0	0.242	0.410
ORM1	SPTLC2	9606.ENSP00000259396	9606.ENSP00000216484	0	0	0	0	0	0	0	0.910	0.910
ORM1	S100A9	9606.ENSP00000259396	9606.ENSP00000357727	0	0	0	0	0.092	0	0	0.370	0.403
ORM1	TSPO	9606.ENSP00000259396	9606.ENSP00000379563	0	0	0	0	0.056	0	0	0.443	0.451
PADI4	PGLYRP1	9606.ENSP00000364597	9606.ENSP00000008938	0	0	0	0	0.470	0	0	0.155	0.533
PADI4	SLC22A4	9606.ENSP00000364597	9606.ENSP00000200652	0	0	0	0	0.056	0	0	0.772	0.775
PFKFB2	SLC2A3	9606.ENSP00000356047	9606.ENSP00000075120	0	0	0	0	0.053	0	0.159	0.405	0.484
PFKFB2	PYGL	9606.ENSP00000356047	9606.ENSP00000216392	0	0	0	0	0.085	0	0	0.407	0.434
PFKFB2	PFKFB3	9606.ENSP00000356047	9606.ENSP00000492001	0	0	0.055	0.971	0.044	0.809	0.900	0.059	0.980
PFKFB3	SLC2A3	9606.ENSP00000492001	9606.ENSP00000075120	0	0	0	0	0.257	0	0.159	0.611	0.736
PFKFB3	PYGL	9606.ENSP00000492001	9606.ENSP00000216392	0	0	0	0	0.109	0	0	0.470	0.508
PFKFB3	SLC2A14	9606.ENSP00000492001	9606.ENSP00000445929	0	0	0	0	0.217	0	0.159	0.209	0.434
PGLYRP1	RGL4	9606.ENSP00000008938	9606.ENSP00000290691	0	0	0	0	0.288	0	0	0.194	0.401
PGLYRP1	TCN1	9606.ENSP00000008938	9606.ENSP00000257264	0	0	0	0	0.182	0	0	0.336	0.433
PGLYRP1	RNASE2	9606.ENSP00000008938	9606.ENSP00000303276	0	0	0	0	0.166	0	0	0.466	0.535
PGLYRP1	S100A12	9606.ENSP00000008938	9606.ENSP00000357726	0	0	0	0	0.339	0.044	0	0.359	0.560
PGLYRP1	SLPI	9606.ENSP00000008938	9606.ENSP00000342082	0	0	0	0	0.127	0	0	0.593	0.629
PIWIL4	TDRD9	9606.ENSP00000299001	9606.ENSP00000387303	0	0	0	0	0.137	0.188	0.800	0.971	0.995
PLBD1	S100A12	9606.ENSP00000240617	9606.ENSP00000357726	0	0	0	0	0.224	0.043	0.099	0.232	0.417
PPP1R3D	PYGL	9606.ENSP00000360035	9606.ENSP00000216392	0	0	0	0	0.125	0.091	0	0.424	0.502
PTX3	TIMP1	9606.ENSP00000295927	9606.ENSP00000218388	0	0	0	0	0.153	0	0	0.425	0.493
PTX3	TNFAIP6	9606.ENSP00000295927	9606.ENSP00000243347	0	0	0	0	0.249	0.405	0	0.950	0.975
PYGL	SLC2A3	9606.ENSP00000216392	9606.ENSP00000075120	0	0	0	0	0.149	0	0	0.362	0.434
RBX1	UBE2J1	9606.ENSP00000216225	9606.ENSP00000451261	0	0	0	0	0.048	0.211	0	0.294	0.423
RBX1	TXN	9606.ENSP00000216225	9606.ENSP00000363641	0	0	0	0	0.123	0	0	0.505	0.547
RBX1	WSB1	9606.ENSP00000216225	9606.ENSP00000262394	0	0	0	0	0.049	0.085	0	0.797	0.808
RNASE2	SLPI	9606.ENSP00000303276	9606.ENSP00000342082	0	0	0	0	0.074	0	0	0.437	0.456
RNASE2	S100A12	9606.ENSP00000303276	9606.ENSP00000357726	0	0	0	0	0.430	0	0	0.349	0.613
ROPN1L	SLC37A3	9606.ENSP00000421405	9606.ENSP00000321498	0	0	0	0	0.049	0	0	0.397	0.402
S100A12	TCN1	9606.ENSP00000357726	9606.ENSP00000257264	0	0	0.208	0	0.172	0.046	0	0.203	0.434
S100A12	VNN2	9606.ENSP00000357726	9606.ENSP00000322276	0	0	0	0	0.442	0.045	0	0.258	0.570
S100A12	SLPI	9606.ENSP00000357726	9606.ENSP00000342082	0	0	0	0	0.143	0.095	0	0.295	0.406
S100A12	S100A9	9606.ENSP00000357726	9606.ENSP00000357727	0	0	0.079	0.908	0.892	0	0	0.452	0.940
S100A9	SLPI	9606.ENSP00000357727	9606.ENSP00000342082	0	0	0	0	0.251	0.095	0	0.307	0.489
S100P	SLPI	9606.ENSP00000296370	9606.ENSP00000342082	0	0	0	0	0.336	0.095	0	0.107	0.416
SERPINB1	SLPI	9606.ENSP00000370115	9606.ENSP00000342082	0	0	0	0	0.122	0.051	0	0.511	0.557
SH3GLB1	WIPI1	9606.ENSP00000479919	9606.ENSP00000262139	0	0	0	0	0.126	0	0	0.400	0.453
SLC22A15	SLC2A3	9606.ENSP00000358515	9606.ENSP00000075120	0	0	0.221	0	0.078	0.065	0	0.230	0.414
SLC2A14	SLC2A3	9606.ENSP00000445929	9606.ENSP00000075120	0	0	0.047	0.986	0.777	0.422	0	0.054	0.868
SLC2A3	STOM	9606.ENSP00000075120	9606.ENSP00000286713	0	0	0	0	0.062	0.046	0	0.615	0.625
SPTLC2	UGCG	9606.ENSP00000216484	9606.ENSP00000363397	0	0	0	0	0.050	0	0	0.824	0.826
TIMP1	TNFAIP6	9606.ENSP00000218388	9606.ENSP00000243347	0	0	0	0	0.175	0	0	0.353	0.443
VNN1	VNN2	9606.ENSP00000356905	9606.ENSP00000322276	0	0	0.057	0.965	0.318	0	0.900	0.074	0.932
WDFY3	WIPI1	9606.ENSP00000295888	9606.ENSP00000262139	0	0	0	0	0.049	0	0	0.431	0.435
